{"stats":{"minecraft:mined":{"minecraft:crafting_table":1,"minecraft:glow_lichen":1,"minecraft:granite":13,"minecraft:grass_block":1,"minecraft:chest":2,"minecraft:cobblestone":4,"minecraft:copper_ore":43,"minecraft:oak_planks":4,"minecraft:diorite":1,"minecraft:birch_log":11,"minecraft:iron_ore":2,"minecraft:cobbled_deepslate":4,"minecraft:andesite":9,"minecraft:grass":1,"minecraft:oak_log":55,"minecraft:coal_ore":18,"minecraft:dirt":29,"minecraft:stone":199,"minecraft:oak_leaves":20},"minecraft:killed_by":{"minecraft:enderman":1},"minecraft:broken":{"minecraft:stone_pickaxe":1,"minecraft:golden_sword":1,"minecraft:wooden_axe":1},"minecraft:custom":{"minecraft:interact_with_furnace":9,"minecraft:mob_kills":1,"minecraft:interact_with_crafting_table":4,"minecraft:open_barrel":4,"minecraft:leave_game":2,"minecraft:time_since_death":12174,"minecraft:sleep_in_bed":3,"minecraft:time_since_rest":12202,"minecraft:sprint_one_cm":64389,"minecraft:damage_taken":464,"minecraft:walk_one_cm":145019,"minecraft:drop":1,"minecraft:damage_dealt":386,"minecraft:fly_one_cm":25565,"minecraft:open_chest":30,"minecraft:crouch_one_cm":797,"minecraft:play_time":40278,"minecraft:deaths":1,"minecraft:sneak_time":1139,"minecraft:walk_under_water_one_cm":97,"minecraft:jump":393,"minecraft:walk_on_water_one_cm":1021,"minecraft:total_world_time":40278,"minecraft:fall_one_cm":8705},"minecraft:killed":{"minecraft:zombie":1},"minecraft:used":{"minecraft:diorite":1,"minecraft:stone_pickaxe":131,"minecraft:oak_planks":9,"minecraft:chest":3,"minecraft:leather_chestplate":1,"minecraft:torch":3,"minecraft:crafting_table":1,"minecraft:granite":13,"minecraft:oak_log":4,"minecraft:wooden_axe":60,"minecraft:diamond_pickaxe":194,"minecraft:apple":1,"minecraft:golden_sword":20,"minecraft:wooden_sword":9,"minecraft:cobblestone":81,"minecraft:andesite":9,"minecraft:cobbled_deepslate":4},"minecraft:picked_up":{"minecraft:birch_log":11,"minecraft:crafting_table":1,"minecraft:leather_chestplate":1,"minecraft:andesite":9,"minecraft:potato":1,"minecraft:birch_planks":28,"minecraft:oak_log":53,"minecraft:golden_sword":1,"minecraft:dirt":45,"minecraft:raw_copper":201,"minecraft:iron_leggings":1,"minecraft:apple":1,"minecraft:cobbled_deepslate":4,"minecraft:stone_pickaxe":1,"minecraft:chest":2,"minecraft:oak_planks":131,"minecraft:iron_boots":1,"minecraft:stick":6,"minecraft:raw_iron":4,"minecraft:copper_ingot":7,"minecraft:torch":1,"minecraft:diorite":1,"minecraft:grass_block":1,"minecraft:rotten_flesh":2,"minecraft:iron_helmet":1,"minecraft:granite":13,"minecraft:oak_sapling":3,"minecraft:coal":18,"minecraft:cobblestone":192},"minecraft:dropped":{"minecraft:potato":1},"minecraft:crafted":{"minecraft:oak_planks":196,"minecraft:crafting_table":1,"minecraft:copper_ingot":7,"minecraft:birch_planks":44,"minecraft:stick":8,"minecraft:iron_ingot":2,"minecraft:wooden_axe":1,"minecraft:chest":1,"minecraft:torch":52}},"DataVersion":3465}