{"stats":{"minecraft:mined":{"minecraft:nether_gold_ore":56,"minecraft:crying_obsidian":2,"minecraft:tuff":32,"minecraft:oak_sapling":20,"minecraft:farmland":8,"minecraft:mossy_stone_brick_slab":4,"minecraft:oak_door":4,"minecraft:cherry_log":47,"minecraft:cobblestone_stairs":5,"minecraft:obsidian":3,"minecraft:nether_bricks":6,"minecraft:glow_lichen":4,"minecraft:granite":47,"minecraft:grass_block":303,"minecraft:weeping_vines":5,"minecraft:crimson_roots":64,"minecraft:oak_pressure_plate":1,"minecraft:nether_wart":35,"minecraft:red_mushroom":14,"minecraft:crimson_fungus":28,"minecraft:kelp":90,"minecraft:oxeye_daisy":3,"minecraft:sandstone":55,"minecraft:crimson_stem":98,"minecraft:weeping_vines_plant":12,"minecraft:tall_seagrass":7,"minecraft:magma_block":3,"minecraft:fire":6,"minecraft:iron_ore":29,"minecraft:cobbled_deepslate":12,"minecraft:andesite":75,"minecraft:deepslate_lapis_ore":1,"minecraft:azure_bluet":1,"minecraft:shroomlight":17,"minecraft:mossy_stone_brick_stairs":2,"minecraft:deepslate_iron_ore":11,"minecraft:dirt_path":2,"minecraft:crimson_door":1,"minecraft:stone":1438,"minecraft:deepslate_redstone_ore":4,"minecraft:oak_slab":6,"minecraft:cherry_planks":26,"minecraft:soul_sand":66,"minecraft:kelp_plant":84,"minecraft:crimson_nylium":62,"minecraft:dandelion":8,"minecraft:crafting_table":7,"minecraft:cornflower":2,"minecraft:torch":2,"minecraft:poppy":3,"minecraft:chest":1,"minecraft:rose_bush":14,"minecraft:nether_quartz_ore":41,"minecraft:tall_grass":37,"minecraft:copper_ore":56,"minecraft:cobblestone":186,"minecraft:sugar_cane":98,"minecraft:diorite":128,"minecraft:wall_torch":32,"minecraft:deepslate_copper_ore":1,"minecraft:pink_petals":1,"minecraft:birch_sapling":7,"minecraft:seagrass":5,"minecraft:birch_planks":1,"minecraft:nether_wart_block":23,"minecraft:birch_log":88,"minecraft:wheat":362,"minecraft:birch_leaves":13,"minecraft:warped_fungus":1,"minecraft:yellow_bed":3,"minecraft:grass":426,"minecraft:oak_log":413,"minecraft:coal_ore":320,"minecraft:cherry_leaves":7,"minecraft:gravel":102,"minecraft:sand":124,"minecraft:dirt":200,"minecraft:crimson_planks":4,"minecraft:smooth_basalt":3,"minecraft:stone_bricks":2,"minecraft:netherrack":516,"minecraft:mossy_stone_bricks":2,"minecraft:gold_ore":21,"minecraft:oak_leaves":263,"minecraft:deepslate":446},"minecraft:killed_by":{"minecraft:ghast":1,"minecraft:wither_skeleton":1,"minecraft:creeper":2,"minecraft:spider":2,"minecraft:hoglin":4,"minecraft:skeleton":1,"minecraft:zombie":1},"minecraft:broken":{"minecraft:stone_sword":1,"minecraft:stone_hoe":3,"minecraft:wooden_pickaxe":2,"minecraft:stone_pickaxe":21,"minecraft:stone_axe":5,"minecraft:iron_pickaxe":3,"minecraft:wooden_axe":1,"minecraft:bow":1,"minecraft:stone_shovel":4},"minecraft:custom":{"minecraft:interact_with_anvil":1,"minecraft:mob_kills":60,"minecraft:animals_bred":3,"minecraft:inspect_hopper":1,"minecraft:interact_with_crafting_table":60,"minecraft:bell_ring":2,"minecraft:climb_one_cm":7254,"minecraft:leave_game":3,"minecraft:time_since_death":35091,"minecraft:sprint_one_cm":473044,"minecraft:walk_one_cm":3792806,"minecraft:damage_blocked_by_shield":2550,"minecraft:drop":35,"minecraft:play_time":673918,"minecraft:sneak_time":14374,"minecraft:deaths":14,"minecraft:walk_under_water_one_cm":99862,"minecraft:boat_one_cm":477377,"minecraft:jump":4539,"minecraft:interact_with_brewingstand":3,"minecraft:walk_on_water_one_cm":85503,"minecraft:total_world_time":673918,"minecraft:interact_with_furnace":74,"minecraft:sleep_in_bed":20,"minecraft:time_since_rest":18965,"minecraft:damage_taken":5165,"minecraft:damage_dealt":11550,"minecraft:swim_one_cm":33872,"minecraft:fly_one_cm":39601,"minecraft:open_chest":341,"minecraft:crouch_one_cm":44879,"minecraft:fish_caught":4,"minecraft:fall_one_cm":33747,"minecraft:horse_one_cm":4223},"minecraft:killed":{"minecraft:spider":7,"minecraft:cod":4,"minecraft:skeleton":4,"minecraft:chicken":4,"minecraft:pig":11,"minecraft:hoglin":12,"minecraft:sheep":1,"minecraft:zombie":10,"minecraft:glow_squid":1,"minecraft:cow":5},"minecraft:picked_up":{"minecraft:fishing_rod":1,"minecraft:iron_chestplate":3,"minecraft:crafting_table":8,"minecraft:wheat":156,"minecraft:azure_bluet":2,"minecraft:chicken":4,"minecraft:nether_wart":86,"minecraft:birch_button":1,"minecraft:crimson_planks":195,"minecraft:shield":11,"minecraft:string":7,"minecraft:raw_copper":198,"minecraft:wooden_sword":6,"minecraft:iron_leggings":14,"minecraft:shroomlight":25,"minecraft:gold_nugget":612,"minecraft:cobbled_deepslate":457,"minecraft:bucket":33,"minecraft:beef":14,"minecraft:rose_bush":11,"minecraft:wooden_shovel":2,"minecraft:poppy":3,"minecraft:iron_pickaxe":12,"minecraft:chest":1,"minecraft:sugar_cane":166,"minecraft:birch_sapling":21,"minecraft:iron_boots":7,"minecraft:stick":122,"minecraft:raw_iron":52,"minecraft:sandstone":55,"minecraft:oak_door":9,"minecraft:torch":70,"minecraft:porkchop":50,"minecraft:dried_kelp":592,"minecraft:cherry_log":85,"minecraft:diorite":124,"minecraft:redstone":21,"minecraft:golden_chestplate":8,"minecraft:weeping_vines":16,"minecraft:stone_sword":10,"minecraft:rotten_flesh":24,"minecraft:arrow":92,"minecraft:stone_shovel":13,"minecraft:nether_bricks":24,"minecraft:mutton":8,"minecraft:obsidian":2,"minecraft:cod":4,"minecraft:white_wool":2,"minecraft:cobblestone":2499,"minecraft:oxeye_daisy":6,"minecraft:birch_log":99,"minecraft:pink_petals":8,"minecraft:magma_block":4,"minecraft:feather":2,"minecraft:cherry_planks":45,"minecraft:crimson_stem":122,"minecraft:glow_ink_sac":6,"minecraft:andesite":75,"minecraft:salmon":2,"minecraft:leather":27,"minecraft:red_mushroom":35,"minecraft:birch_planks":85,"minecraft:flint":3,"minecraft:crimson_fungus":41,"minecraft:tuff":38,"minecraft:oak_log":957,"minecraft:nether_wart_block":68,"minecraft:golden_boots":10,"minecraft:yellow_bed":2,"minecraft:gunpowder":2,"minecraft:cobblestone_stairs":5,"minecraft:lapis_lazuli":12,"minecraft:dirt":779,"minecraft:bone":18,"minecraft:apple":20,"minecraft:stone_bricks":2,"minecraft:kelp":275,"minecraft:bow":3,"minecraft:wheat_seeds":657,"minecraft:raw_gold":26,"minecraft:stone_pickaxe":15,"minecraft:mossy_stone_bricks":1,"minecraft:glowstone_dust":234,"minecraft:soul_sand":146,"minecraft:stone_hoe":13,"minecraft:oak_planks":176,"minecraft:mossy_stone_brick_stairs":2,"minecraft:oak_slab":2,"minecraft:warped_fungus":2,"minecraft:smooth_basalt":3,"minecraft:cooked_porkchop":29,"minecraft:quartz":41,"minecraft:dandelion":14,"minecraft:oak_pressure_plate":1,"minecraft:gravel":74,"minecraft:sand":125,"minecraft:crimson_door":2,"minecraft:grass_block":3,"minecraft:mossy_stone_brick_slab":5,"minecraft:spider_eye":4,"minecraft:stone_axe":14,"minecraft:iron_helmet":11,"minecraft:granite":45,"minecraft:cherry_sapling":8,"minecraft:bread":18,"minecraft:oak_sapling":94,"minecraft:netherrack":872,"minecraft:coal":663,"minecraft:crimson_roots":136,"minecraft:ender_pearl":4,"minecraft:diamond_pickaxe":8},"minecraft:used":{"minecraft:cherry_sapling":4,"minecraft:oak_trapdoor":1,"minecraft:stone_sword":280,"minecraft:stone_shovel":674,"minecraft:dried_kelp":72,"minecraft:ladder":7,"minecraft:chest":4,"minecraft:shield":46,"minecraft:wooden_shovel":30,"minecraft:stone_hoe":1448,"minecraft:netherrack":107,"minecraft:oak_door":6,"minecraft:torch":47,"minecraft:soul_sand":26,"minecraft:dirt":418,"minecraft:granite":10,"minecraft:shroomlight":5,"minecraft:wooden_axe":110,"minecraft:grass_block":1,"minecraft:birch_sapling":11,"minecraft:crimson_roots":15,"minecraft:crimson_planks":1,"minecraft:smooth_basalt":1,"minecraft:bow":13,"minecraft:furnace":1,"minecraft:oak_sapling":57,"minecraft:cobbled_deepslate":196,"minecraft:wheat_seeds":668,"minecraft:water_bucket":14,"minecraft:diorite":53,"minecraft:cobblestone_stairs":37,"minecraft:birch_planks":1,"minecraft:stone_pickaxe":2883,"minecraft:oak_planks":1,"minecraft:cherry_planks":26,"minecraft:wooden_pickaxe":118,"minecraft:sugar_cane":16,"minecraft:sand":35,"minecraft:crafting_table":6,"minecraft:diamond_pickaxe":214,"minecraft:apple":1,"minecraft:bread":9,"minecraft:iron_pickaxe":663,"minecraft:oak_pressure_plate":4,"minecraft:gravel":1,"minecraft:pink_petals":4,"minecraft:stone_axe":878,"minecraft:fishing_rod":7,"minecraft:crimson_fungus":9,"minecraft:wooden_sword":41,"minecraft:cobblestone":573,"minecraft:crimson_stairs":2,"minecraft:crimson_door":5,"minecraft:cooked_porkchop":6,"minecraft:andesite":14,"minecraft:bucket":14,"minecraft:birch_log":1,"minecraft:yellow_bed":2},"minecraft:dropped":{"minecraft:oak_log":17,"minecraft:cooked_porkchop":7,"minecraft:granite":16,"minecraft:mossy_stone_brick_stairs":2,"minecraft:grass_block":1,"minecraft:diorite":3,"minecraft:wooden_axe":1,"minecraft:wooden_sword":2,"minecraft:sand":64,"minecraft:fishing_rod":1,"minecraft:bone":1,"minecraft:smooth_basalt":2,"minecraft:gravel":8,"minecraft:cobbled_deepslate":28,"minecraft:tuff":14,"minecraft:wheat":21,"minecraft:obsidian":1,"minecraft:shield":2,"minecraft:andesite":4,"minecraft:mossy_stone_bricks":1,"minecraft:wooden_shovel":2,"minecraft:stone_bricks":2,"minecraft:sandstone":55},"minecraft:crafted":{"minecraft:cherry_planks":180,"minecraft:wooden_sword":4,"minecraft:oak_planks":660,"minecraft:stone_shovel":5,"minecraft:cooked_chicken":4,"minecraft:oak_pressure_plate":3,"minecraft:cobblestone_stairs":80,"minecraft:cooked_mutton":4,"minecraft:oak_trapdoor":2,"minecraft:ladder":15,"minecraft:stone_pickaxe":19,"minecraft:chest":3,"minecraft:stone_hoe":6,"minecraft:cooked_beef":11,"minecraft:crimson_planks":360,"minecraft:wooden_shovel":1,"minecraft:cooked_porkchop":9,"minecraft:crafting_table":2,"minecraft:wooden_pickaxe":2,"minecraft:birch_planks":264,"minecraft:stone_axe":6,"minecraft:air":0,"minecraft:bread":27,"minecraft:crimson_stairs":4,"minecraft:gold_nugget":5,"minecraft:stick":140,"minecraft:iron_pickaxe":1,"minecraft:iron_ingot":8,"minecraft:wooden_axe":2,"minecraft:stone_sword":3,"minecraft:gold_ingot":28,"minecraft:crimson_door":6,"minecraft:torch":24}},"DataVersion":3465}