{"stats":{"minecraft:crafted":{"minecraft:oak_planks":534,"minecraft:cobblestone_slab":90,"minecraft:cobblestone_stairs":36,"minecraft:lever":1,"minecraft:bookshelf":34,"minecraft:glass":34,"minecraft:hopper":4,"minecraft:diamond_helmet":2,"minecraft:bow":6,"minecraft:diamond_leggings":2,"minecraft:iron_boots":1,"minecraft:chest":16,"minecraft:golden_boots":4,"minecraft:oak_slab":66,"minecraft:cooked_porkchop":51,"minecraft:diamond_axe":8,"minecraft:crafting_table":1,"minecraft:spruce_planks":68,"minecraft:iron_helmet":1,"minecraft:wooden_pickaxe":2,"minecraft:baked_potato":172,"minecraft:spruce_door":6,"minecraft:copper_ingot":11,"minecraft:birch_planks":164,"minecraft:dispenser":3,"minecraft:iron_chestplate":2,"minecraft:book":37,"minecraft:paper":111,"minecraft:diamond_pickaxe":4,"minecraft:charcoal":1,"minecraft:shield":23,"minecraft:birch_fence":12,"minecraft:stick":280,"minecraft:iron_ingot":80,"minecraft:iron_pickaxe":4,"minecraft:gold_ingot":148,"minecraft:birch_stairs":20,"minecraft:crimson_trapdoor":6,"minecraft:bone_meal":198,"minecraft:ladder":24,"minecraft:iron_hoe":1,"minecraft:stone_pickaxe":4,"minecraft:diamond_boots":1,"minecraft:cooked_beef":12,"minecraft:cooked_cod":18,"minecraft:crimson_planks":456,"minecraft:dried_kelp":121,"minecraft:crimson_slab":6,"minecraft:cooked_salmon":8,"minecraft:bucket":3,"minecraft:air":0,"minecraft:wooden_axe":1,"minecraft:iron_leggings":2,"minecraft:white_bed":1,"minecraft:torch":434,"minecraft:diamond_chestplate":2},"minecraft:broken":{"minecraft:golden_boots":3,"minecraft:stone_pickaxe":2,"minecraft:golden_sword":1,"minecraft:diamond_pickaxe":1,"minecraft:golden_chestplate":2,"minecraft:leather_helmet":1,"minecraft:wooden_pickaxe":2,"minecraft:shield":2,"minecraft:leather_boots":1,"minecraft:iron_pickaxe":12,"minecraft:iron_helmet":1},"minecraft:used":{"minecraft:beetroot":5,"minecraft:dispenser":5,"minecraft:ladder":27,"minecraft:chest":18,"minecraft:shield":399,"minecraft:rotten_flesh":4,"minecraft:iron_chestplate":3,"minecraft:nether_bricks":8,"minecraft:carrot":1,"minecraft:tuff":10,"minecraft:obsidian":13,"minecraft:iron_helmet":1,"minecraft:golden_sword":1,"minecraft:magma_block":1,"minecraft:bow":93,"minecraft:cooked_cod":15,"minecraft:oak_sapling":27,"minecraft:furnace":1,"minecraft:beetroot_seeds":47,"minecraft:potato":195,"minecraft:golden_boots":1,"minecraft:diorite":6,"minecraft:oak_planks":76,"minecraft:spruce_door":5,"minecraft:stone_pickaxe":499,"minecraft:ender_pearl":3,"minecraft:blackstone":13,"minecraft:wooden_pickaxe":118,"minecraft:diamond_axe":2395,"minecraft:white_wool":4,"minecraft:golden_apple":2,"minecraft:crossbow":10,"minecraft:birch_fence":15,"minecraft:lever":3,"minecraft:bread":17,"minecraft:gravel":12,"minecraft:nether_wart_block":4,"minecraft:wooden_sword":9,"minecraft:andesite":4,"minecraft:oak_boat":1,"minecraft:bone_meal":71,"minecraft:enchanting_table":1,"minecraft:stone_sword":37,"minecraft:dried_kelp":215,"minecraft:redstone":21,"minecraft:spruce_planks":56,"minecraft:cooked_salmon":14,"minecraft:cooked_chicken":8,"minecraft:stone_hoe":32,"minecraft:netherrack":1163,"minecraft:torch":275,"minecraft:dirt":24,"minecraft:hopper":27,"minecraft:golden_chestplate":3,"minecraft:granite":31,"minecraft:iron_hoe":2,"minecraft:wooden_axe":1,"minecraft:bookshelf":34,"minecraft:iron_axe":38,"minecraft:crimson_slab":3,"minecraft:iron_boots":1,"minecraft:crimson_planks":523,"minecraft:basalt":12,"minecraft:infested_cobblestone":616,"minecraft:cooked_beef":15,"minecraft:cobbled_deepslate":923,"minecraft:iron_leggings":1,"minecraft:wheat_seeds":171,"minecraft:water_bucket":27,"minecraft:cobblestone_stairs":39,"minecraft:birch_planks":9,"minecraft:baked_potato":137,"minecraft:cherry_planks":5,"minecraft:cobblestone_slab":85,"minecraft:polished_blackstone_bricks":59,"minecraft:salmon":1,"minecraft:oak_slab":97,"minecraft:crafting_table":1,"minecraft:crimson_trapdoor":11,"minecraft:white_bed":3,"minecraft:oak_log":90,"minecraft:ender_eye":1,"minecraft:diamond_pickaxe":4750,"minecraft:apple":3,"minecraft:cracked_polished_blackstone_bricks":26,"minecraft:iron_pickaxe":2920,"minecraft:map":3,"minecraft:stone_axe":4,"minecraft:fishing_rod":20,"minecraft:cobblestone":2208,"minecraft:white_banner":2,"minecraft:cooked_porkchop":45,"minecraft:bucket":33,"minecraft:yellow_bed":1,"minecraft:birch_stairs":14},"minecraft:killed":{"minecraft:zombified_piglin":45,"minecraft:spider":16,"minecraft:cod":7,"minecraft:skeleton":35,"minecraft:chicken":4,"minecraft:silverfish":32,"minecraft:piglin_brute":7,"minecraft:magma_cube":82,"minecraft:piglin":23,"minecraft:pig":6,"minecraft:zombie_villager":1,"minecraft:salmon":11,"minecraft:creeper":5,"minecraft:sheep":8,"minecraft:pillager":3,"minecraft:goat":3,"minecraft:zombie":55,"minecraft:stray":2,"minecraft:ghast":2,"minecraft:blaze":54,"minecraft:cow":41,"minecraft:zoglin":1,"minecraft:phantom":3,"minecraft:horse":2,"minecraft:drowned":3,"minecraft:bat":1,"minecraft:hoglin":30,"minecraft:wither_skeleton":11,"minecraft:enderman":1},"minecraft:mined":{"minecraft:large_amethyst_bud":2,"minecraft:white_bed":1,"minecraft:farmland":2,"minecraft:mossy_stone_brick_slab":4,"minecraft:cobblestone_stairs":6,"minecraft:obsidian":15,"minecraft:granite":56,"minecraft:budding_amethyst":31,"minecraft:crimson_trapdoor":5,"minecraft:grass_block":72,"minecraft:infested_cobblestone":3,"minecraft:cracked_polished_blackstone_bricks":65,"minecraft:crimson_fungus":3,"minecraft:hopper":23,"minecraft:spawner":3,"minecraft:polished_blackstone_bricks":100,"minecraft:weeping_vines_plant":2,"minecraft:raw_iron_block":3,"minecraft:magma_block":3,"minecraft:glowstone":55,"minecraft:iron_ore":117,"minecraft:fire":40,"minecraft:cobbled_deepslate":48,"minecraft:deepslate_lapis_ore":6,"minecraft:nether_brick_stairs":1,"minecraft:enchanting_table":1,"minecraft:small_amethyst_bud":1,"minecraft:deepslate_redstone_ore":31,"minecraft:blackstone":18,"minecraft:medium_amethyst_bud":1,"minecraft:crimson_nylium":111,"minecraft:kelp_plant":3,"minecraft:amethyst_cluster":2,"minecraft:torch":10,"minecraft:calcite":2,"minecraft:chest":8,"minecraft:glass":2,"minecraft:nether_quartz_ore":29,"minecraft:cobblestone":184,"minecraft:oak_planks":78,"minecraft:sugar_cane":2,"minecraft:iron_door":3,"minecraft:wall_torch":21,"minecraft:amethyst_block":245,"minecraft:chain":1,"minecraft:nether_wart_block":50,"minecraft:birch_log":25,"minecraft:wheat":147,"minecraft:warped_fungus":1,"minecraft:stone_brick_stairs":1,"minecraft:smooth_stone_slab":1,"minecraft:infested_mossy_stone_bricks":1,"minecraft:grass":8,"minecraft:oak_log":175,"minecraft:beetroots":39,"minecraft:sand":8,"minecraft:dirt":92,"minecraft:crimson_planks":27,"minecraft:smooth_basalt":1,"minecraft:dispenser":5,"minecraft:netherrack":2460,"minecraft:oak_leaves":63,"minecraft:deepslate":1869,"minecraft:nether_gold_ore":19,"minecraft:diamond_ore":1,"minecraft:tuff":286,"minecraft:deepslate_diamond_ore":92,"minecraft:oak_door":1,"minecraft:nether_bricks":20,"minecraft:lever":3,"minecraft:ladder":18,"minecraft:crimson_roots":20,"minecraft:weeping_vines":4,"minecraft:redstone_wire":13,"minecraft:spruce_leaves":9,"minecraft:kelp":8,"minecraft:sandstone":102,"minecraft:crimson_stem":114,"minecraft:redstone_ore":12,"minecraft:furnace":3,"minecraft:polished_basalt":6,"minecraft:andesite":74,"minecraft:gold_block":14,"minecraft:mossy_stone_brick_stairs":3,"minecraft:nether_brick_fence":27,"minecraft:bookshelf":167,"minecraft:potatoes":183,"minecraft:cobblestone_slab":7,"minecraft:deepslate_iron_ore":133,"minecraft:stone":1467,"minecraft:white_wool":4,"minecraft:birch_stairs":14,"minecraft:oak_slab":62,"minecraft:cherry_planks":5,"minecraft:basalt":41,"minecraft:spruce_door":3,"minecraft:oak_fence":1,"minecraft:crimson_slab":1,"minecraft:copper_ore":14,"minecraft:lapis_ore":17,"minecraft:deepslate_gold_ore":99,"minecraft:polished_blackstone_brick_stairs":3,"minecraft:diorite":85,"minecraft:birch_planks":9,"minecraft:ice":5,"minecraft:spruce_log":18,"minecraft:birch_leaves":6,"minecraft:white_wall_banner":1,"minecraft:yellow_bed":1,"minecraft:coal_ore":117,"minecraft:gravel":108,"minecraft:cracked_stone_bricks":2,"minecraft:stone_bricks":19,"minecraft:mossy_stone_bricks":6,"minecraft:birch_fence":15},"minecraft:killed_by":{"minecraft:zombie_villager":1,"minecraft:zombified_piglin":3,"minecraft:piglin_brute":4,"minecraft:creeper":1,"minecraft:piglin":7,"minecraft:enderman":2,"minecraft:hoglin":8,"minecraft:skeleton":7},"minecraft:dropped":{"minecraft:iron_sword":1,"minecraft:brown_mushroom":2,"minecraft:diamond_axe":12,"minecraft:cooked_beef":6,"minecraft:oak_log":6,"minecraft:baked_potato":57,"minecraft:diamond":14,"minecraft:crafting_table":1,"minecraft:cooked_porkchop":11,"minecraft:leather":8,"minecraft:flint":4,"minecraft:cobblestone_stairs":2,"minecraft:gold_block":6,"minecraft:cracked_polished_blackstone_bricks":53,"minecraft:dirt":94,"minecraft:cooked_cod":1,"minecraft:wooden_sword":1,"minecraft:gold_nugget":116,"minecraft:phantom_membrane":2,"minecraft:polished_blackstone_bricks":34,"minecraft:iron_pickaxe":9,"minecraft:gold_ingot":143,"minecraft:bone":3,"minecraft:gravel":47,"minecraft:stone_axe":3,"minecraft:blackstone":19,"minecraft:golden_chestplate":3,"minecraft:cobbled_deepslate":131,"minecraft:nether_brick":31,"minecraft:birch_sapling":2,"minecraft:obsidian":1,"minecraft:rotten_flesh":16,"minecraft:oak_planks":1,"minecraft:glowstone_dust":106,"minecraft:nether_brick_fence":14,"minecraft:tipped_arrow":2,"minecraft:gunpowder":1,"minecraft:chest":2,"minecraft:basalt":16,"minecraft:arrow":212,"minecraft:crying_obsidian":3,"minecraft:netherrack":661,"minecraft:water_bucket":1,"minecraft:golden_boots":3,"minecraft:iron_ingot":3,"minecraft:bread":52,"minecraft:wheat_seeds":6,"minecraft:golden_helmet":1,"minecraft:iron_helmet":7,"minecraft:cobblestone":72,"minecraft:granite":1,"minecraft:grass_block":1,"minecraft:coal":1,"minecraft:stick":13,"minecraft:iron_block":1,"minecraft:golden_carrot":19,"minecraft:torch":1,"minecraft:cooked_salmon":1,"minecraft:dried_kelp":64,"minecraft:iron_leggings":5,"minecraft:iron_axe":2,"minecraft:polished_basalt":4,"minecraft:string":14,"minecraft:bucket":5,"minecraft:smooth_basalt":1,"minecraft:kelp":1,"minecraft:nether_wart":7,"minecraft:stone_sword":3,"minecraft:raw_copper":12,"minecraft:tuff":8,"minecraft:raw_iron":73,"minecraft:iron_boots":1,"minecraft:nether_bricks":3,"minecraft:filled_map":1,"minecraft:potato":160,"minecraft:shield":13,"minecraft:iron_chestplate":8,"minecraft:diamond_pickaxe":4,"minecraft:andesite":9,"minecraft:stone_bricks":10,"minecraft:bow":6,"minecraft:stone_pickaxe":4,"minecraft:magma_cream":8,"minecraft:calcite":2},"minecraft:custom":{"minecraft:animals_bred":31,"minecraft:interact_with_crafting_table":159,"minecraft:open_barrel":52,"minecraft:bell_ring":2,"minecraft:leave_game":15,"minecraft:time_since_death":209181,"minecraft:sprint_one_cm":2921743,"minecraft:damage_blocked_by_shield":27074,"minecraft:drop":503,"minecraft:talked_to_villager":29,"minecraft:play_time":1282583,"minecraft:deaths":39,"minecraft:jump":18217,"minecraft:interact_with_brewingstand":9,"minecraft:walk_on_water_one_cm":144119,"minecraft:enchant_item":25,"minecraft:interact_with_furnace":323,"minecraft:sleep_in_bed":29,"minecraft:damage_dealt":72823,"minecraft:player_kills":1,"minecraft:crouch_one_cm":270374,"minecraft:interact_with_smoker":1,"minecraft:inspect_dispenser":8,"minecraft:horse_one_cm":1048,"minecraft:interact_with_anvil":13,"minecraft:mob_kills":501,"minecraft:inspect_hopper":20,"minecraft:climb_one_cm":29937,"minecraft:walk_one_cm":3983098,"minecraft:sneak_time":75119,"minecraft:walk_under_water_one_cm":160846,"minecraft:boat_one_cm":653004,"minecraft:interact_with_blast_furnace":3,"minecraft:total_world_time":1295260,"minecraft:interact_with_grindstone":5,"minecraft:time_since_rest":144867,"minecraft:damage_absorbed":40,"minecraft:damage_taken":24526,"minecraft:swim_one_cm":159278,"minecraft:fly_one_cm":3220807,"minecraft:open_chest":1288,"minecraft:fish_caught":8,"minecraft:fall_one_cm":326575},"minecraft:picked_up":{"minecraft:wooden_axe":3,"minecraft:iron_chestplate":12,"minecraft:wheat":107,"minecraft:nether_brick_fence":23,"minecraft:potion":11,"minecraft:enchanted_book":3,"minecraft:nether_brick":65,"minecraft:crimson_planks":173,"minecraft:golden_sword":3,"minecraft:amethyst_block":219,"minecraft:polished_blackstone_brick_stairs":1,"minecraft:string":52,"minecraft:raw_copper":91,"minecraft:cooked_salmon":11,"minecraft:iron_leggings":12,"minecraft:pufferfish":2,"minecraft:beetroot":20,"minecraft:diamond_leggings":5,"minecraft:gold_nugget":206,"minecraft:cobbled_deepslate":2667,"minecraft:bucket":12,"minecraft:eye_armor_trim_smithing_template":1,"minecraft:cobblestone_slab":8,"minecraft:calcite":2,"minecraft:ender_eye":1,"minecraft:wooden_shovel":1,"minecraft:iron_pickaxe":34,"minecraft:iron_boots":7,"minecraft:furnace":1,"minecraft:tipped_arrow":3,"minecraft:golden_helmet":4,"minecraft:stick":88,"minecraft:oak_fence":1,"minecraft:torch":593,"minecraft:porkchop":139,"minecraft:golden_axe":1,"minecraft:dried_kelp":198,"minecraft:diorite":269,"minecraft:golden_chestplate":6,"minecraft:stone_sword":8,"minecraft:rotten_flesh":163,"minecraft:polished_basalt":12,"minecraft:iron_block":1,"minecraft:blaze_rod":22,"minecraft:obsidian":27,"minecraft:cod":18,"minecraft:snowball":16,"minecraft:cobblestone":2545,"minecraft:birch_log":25,"minecraft:enchanting_table":1,"minecraft:magma_block":3,"minecraft:feather":4,"minecraft:cooked_beef":10,"minecraft:magma_cream":9,"minecraft:cherry_planks":5,"minecraft:iron_door":3,"minecraft:water_bucket":15,"minecraft:andesite":212,"minecraft:golden_leggings":8,"minecraft:potato":427,"minecraft:flint":16,"minecraft:tuff":378,"minecraft:lapis_lazuli":517,"minecraft:dirt":232,"minecraft:leather_boots":3,"minecraft:bone":108,"minecraft:bow":15,"minecraft:wheat_seeds":335,"minecraft:raw_gold":103,"minecraft:mossy_stone_bricks":1,"minecraft:diamond_helmet":8,"minecraft:glowstone_dust":160,"minecraft:oak_planks":274,"minecraft:mossy_stone_brick_stairs":1,"minecraft:cooked_porkchop":51,"minecraft:sand":15,"minecraft:nether_brick_stairs":2,"minecraft:grass_block":1,"minecraft:spectral_arrow":129,"minecraft:dispenser":5,"minecraft:diamond":104,"minecraft:lever":3,"minecraft:cracked_polished_blackstone_bricks":105,"minecraft:granite":65,"minecraft:bone_meal":12,"minecraft:golden_apple":1,"minecraft:golden_horse_armor":1,"minecraft:bread":92,"minecraft:oak_sapling":7,"minecraft:netherrack":3216,"minecraft:crimson_roots":25,"minecraft:diamond_pickaxe":18,"minecraft:charcoal":1,"minecraft:crafting_table":5,"minecraft:ladder":54,"minecraft:splash_potion":3,"minecraft:chicken":4,"minecraft:nether_wart":14,"minecraft:brown_mushroom":3,"minecraft:gold_block":8,"minecraft:crimson_trapdoor":5,"minecraft:chain":18,"minecraft:shield":64,"minecraft:iron_axe":10,"minecraft:wooden_sword":4,"minecraft:flint_and_steel":2,"minecraft:iron_shovel":1,"minecraft:birch_fence":14,"minecraft:blackstone":149,"minecraft:beef":90,"minecraft:oak_boat":2,"minecraft:iron_nugget":91,"minecraft:poppy":6,"minecraft:sugar_cane":6,"minecraft:chest":10,"minecraft:birch_sapling":5,"minecraft:phantom_membrane":2,"minecraft:egg":5,"minecraft:raw_iron":384,"minecraft:sandstone":97,"minecraft:oak_door":1,"minecraft:bowl":2,"minecraft:fire_charge":9,"minecraft:polished_blackstone_bricks":129,"minecraft:carrot":2,"minecraft:redstone":197,"minecraft:tnt":1,"minecraft:arrow":318,"minecraft:weeping_vines":2,"minecraft:diamond_chestplate":8,"minecraft:cooked_cod":14,"minecraft:beetroot_seeds":54,"minecraft:nether_bricks":22,"minecraft:diamond_boots":2,"minecraft:gold_ingot":63,"minecraft:mutton":16,"minecraft:white_wool":28,"minecraft:basalt":59,"minecraft:golden_carrot":19,"minecraft:glow_ink_sac":6,"minecraft:crimson_stem":114,"minecraft:salmon":13,"minecraft:leather":93,"minecraft:red_mushroom":15,"minecraft:filled_map":2,"minecraft:birch_planks":34,"minecraft:crimson_fungus":4,"minecraft:oak_log":186,"minecraft:yellow_bed":1,"minecraft:golden_boots":21,"minecraft:nether_wart_block":46,"minecraft:gunpowder":9,"minecraft:cobblestone_stairs":6,"minecraft:white_banner":3,"minecraft:cooked_mutton":8,"minecraft:stone_bricks":17,"minecraft:apple":2,"minecraft:kelp":14,"minecraft:iron_ingot":16,"minecraft:stone_pickaxe":17,"minecraft:iron_sword":1,"minecraft:soul_sand":55,"minecraft:book":67,"minecraft:oak_slab":53,"minecraft:smooth_basalt":1,"minecraft:warped_fungus":1,"minecraft:quartz":60,"minecraft:raw_iron_block":3,"minecraft:gravel":232,"minecraft:birch_stairs":10,"minecraft:amethyst_shard":12,"minecraft:white_bed":2,"minecraft:spruce_log":17,"minecraft:crying_obsidian":15,"minecraft:mossy_stone_brick_slab":1,"minecraft:spruce_door":3,"minecraft:spider_eye":7,"minecraft:leather_helmet":2,"minecraft:diamond_shovel":3,"minecraft:stone_axe":7,"minecraft:iron_helmet":16,"minecraft:diamond_axe":44,"minecraft:baked_potato":208,"minecraft:black_wool":1,"minecraft:coal":185,"minecraft:hopper":22,"minecraft:ender_pearl":6}},"DataVersion":3465}