{"stats":{"minecraft:crafted":{"minecraft:oak_planks":380,"minecraft:barrel":7,"minecraft:cooked_chicken":2,"minecraft:blaze_powder":70,"minecraft:birch_boat":1,"minecraft:cobblestone_stairs":4,"minecraft:bookshelf":22,"minecraft:cooked_mutton":5,"minecraft:warped_planks":40,"minecraft:glass":51,"minecraft:hopper":4,"minecraft:diamond_helmet":1,"minecraft:diamond_leggings":1,"minecraft:iron_boots":1,"minecraft:chest":21,"minecraft:rail":16,"minecraft:dried_kelp_block":1,"minecraft:birch_button":1,"minecraft:ender_eye":18,"minecraft:cooked_rabbit":1,"minecraft:golden_boots":8,"minecraft:golden_axe":1,"minecraft:glass_bottle":6,"minecraft:deepslate":64,"minecraft:wooden_shovel":1,"minecraft:arrow":24,"minecraft:cauldron":1,"minecraft:cooked_porkchop":53,"minecraft:crafting_table":7,"minecraft:spruce_planks":72,"minecraft:iron_helmet":9,"minecraft:wooden_pickaxe":1,"minecraft:baked_potato":144,"minecraft:spruce_door":3,"minecraft:copper_ingot":106,"minecraft:hopper_minecart":1,"minecraft:birch_planks":92,"minecraft:iron_chestplate":8,"minecraft:book":53,"minecraft:paper":180,"minecraft:diamond_pickaxe":8,"minecraft:golden_leggings":2,"minecraft:shield":12,"minecraft:stick":92,"minecraft:iron_ingot":387,"minecraft:iron_pickaxe":25,"minecraft:stone_sword":2,"minecraft:gold_ingot":308,"minecraft:wooden_sword":3,"minecraft:oak_door":12,"minecraft:raw_iron":72,"minecraft:fishing_rod":3,"minecraft:golden_chestplate":3,"minecraft:furnace":11,"minecraft:piston":25,"minecraft:bone_meal":240,"minecraft:flint_and_steel":2,"minecraft:iron_axe":4,"minecraft:stone_pickaxe":7,"minecraft:diamond_boots":1,"minecraft:redstone_block":2,"minecraft:netherite_scrap":2,"minecraft:minecart":1,"minecraft:observer":26,"minecraft:wheat":90,"minecraft:cooked_beef":76,"minecraft:cooked_cod":12,"minecraft:crimson_planks":8,"minecraft:enchanting_table":1,"minecraft:dried_kelp":535,"minecraft:powered_rail":6,"minecraft:iron_sword":1,"minecraft:cooked_salmon":11,"minecraft:bucket":6,"minecraft:stone_axe":1,"minecraft:air":0,"minecraft:bread":66,"minecraft:wooden_axe":2,"minecraft:iron_shovel":2,"minecraft:iron_leggings":8,"minecraft:torch":172},"minecraft:mined":{"minecraft:white_bed":4,"minecraft:mossy_stone_brick_slab":1,"minecraft:sculk_vein":1,"minecraft:cobblestone_stairs":4,"minecraft:brewing_stand":1,"minecraft:obsidian":6,"minecraft:granite":157,"minecraft:budding_amethyst":1,"minecraft:grass_block":65,"minecraft:cracked_polished_blackstone_bricks":18,"minecraft:hopper":6,"minecraft:polished_blackstone_bricks":41,"minecraft:tall_seagrass":1,"minecraft:raw_iron_block":5,"minecraft:glowstone":3,"minecraft:iron_ore":133,"minecraft:fire":38,"minecraft:cobbled_deepslate":65,"minecraft:deepslate_lapis_ore":21,"minecraft:nether_brick_stairs":1,"minecraft:enchanting_table":1,"minecraft:deepslate_redstone_ore":23,"minecraft:brown_mushroom":9,"minecraft:blackstone":7,"minecraft:medium_amethyst_bud":1,"minecraft:crimson_nylium":9,"minecraft:kelp_plant":108,"minecraft:amethyst_cluster":1,"minecraft:powder_snow":1,"minecraft:torch":5,"minecraft:calcite":1,"minecraft:chest":21,"minecraft:glass":2,"minecraft:nether_quartz_ore":22,"minecraft:cobblestone":67,"minecraft:oak_planks":2,"minecraft:sugar_cane":5,"minecraft:iron_door":1,"minecraft:wall_torch":9,"minecraft:amethyst_block":33,"minecraft:pink_petals":1,"minecraft:seagrass":3,"minecraft:nether_wart_block":7,"minecraft:birch_log":21,"minecraft:wheat":272,"minecraft:smooth_stone_slab":1,"minecraft:grass":44,"minecraft:oak_log":58,"minecraft:sand":69,"minecraft:dirt":50,"minecraft:netherrack":281,"minecraft:oak_leaves":19,"minecraft:deepslate":1619,"minecraft:nether_gold_ore":118,"minecraft:diamond_ore":8,"minecraft:tuff":331,"minecraft:deepslate_diamond_ore":138,"minecraft:oak_door":7,"minecraft:glow_lichen":6,"minecraft:nether_bricks":24,"minecraft:crimson_roots":1,"minecraft:spruce_leaves":2,"minecraft:kelp":21,"minecraft:sandstone":5,"minecraft:crimson_stem":2,"minecraft:hay_block":10,"minecraft:redstone_ore":1,"minecraft:furnace":12,"minecraft:snow":4,"minecraft:andesite":140,"minecraft:gold_block":9,"minecraft:nether_brick_fence":3,"minecraft:bookshelf":77,"minecraft:potatoes":11,"minecraft:deepslate_iron_ore":169,"minecraft:warped_stem":10,"minecraft:stone":1300,"minecraft:oak_slab":2,"minecraft:snow_block":29,"minecraft:basalt":12,"minecraft:observer":10,"minecraft:spruce_door":3,"minecraft:crafting_table":13,"minecraft:warped_roots":1,"minecraft:copper_ore":4,"minecraft:lapis_ore":24,"minecraft:deepslate_gold_ore":136,"minecraft:diorite":137,"minecraft:birch_planks":3,"minecraft:ice":20,"minecraft:spruce_log":19,"minecraft:white_wall_banner":1,"minecraft:coal_ore":255,"minecraft:gravel":64,"minecraft:cobweb":1,"minecraft:stone_bricks":11,"minecraft:mossy_stone_bricks":1,"minecraft:gold_ore":19},"minecraft:broken":{"minecraft:stone_pickaxe":5,"minecraft:wooden_axe":1,"minecraft:fishing_rod":1,"minecraft:wooden_pickaxe":1,"minecraft:shield":2,"minecraft:iron_pickaxe":10},"minecraft:used":{"minecraft:iron_shovel":165,"minecraft:chest":34,"minecraft:shield":125,"minecraft:iron_sword":63,"minecraft:rotten_flesh":4,"minecraft:nether_bricks":18,"minecraft:tuff":13,"minecraft:snowball":48,"minecraft:glass":73,"minecraft:lava_bucket":6,"minecraft:birch_sapling":3,"minecraft:crimson_roots":1,"minecraft:hopper_minecart":1,"minecraft:stone_bricks":2,"minecraft:bow":67,"minecraft:oak_sapling":36,"minecraft:furnace":17,"minecraft:cooked_cod":13,"minecraft:gold_block":2,"minecraft:egg":1,"minecraft:potato":11,"minecraft:oak_planks":17,"minecraft:stone_pickaxe":1093,"minecraft:mossy_stone_bricks":1,"minecraft:spruce_door":4,"minecraft:powered_rail":2,"minecraft:blackstone":6,"minecraft:wooden_pickaxe":59,"minecraft:sandstone":5,"minecraft:redstone_block":2,"minecraft:sugar_cane":24,"minecraft:diamond_axe":851,"minecraft:sand":10,"minecraft:crossbow":8,"minecraft:birch_fence":1,"minecraft:crying_obsidian":1,"minecraft:bread":77,"minecraft:gravel":34,"minecraft:pufferfish":1,"minecraft:nether_wart_block":5,"minecraft:wooden_sword":8,"minecraft:andesite":5,"minecraft:oak_boat":1,"minecraft:bone_meal":49,"minecraft:experience_bottle":1095,"minecraft:enchanting_table":2,"minecraft:stone_sword":3,"minecraft:flint_and_steel":14,"minecraft:dried_kelp":303,"minecraft:redstone":11,"minecraft:spruce_planks":62,"minecraft:cooked_salmon":11,"minecraft:stone_hoe":1,"minecraft:wooden_shovel":14,"minecraft:netherrack":128,"minecraft:oak_door":16,"minecraft:torch":181,"minecraft:brewing_stand":1,"minecraft:dirt":71,"minecraft:hopper":9,"minecraft:golden_chestplate":1,"minecraft:nether_brick_stairs":1,"minecraft:granite":15,"minecraft:wooden_axe":51,"minecraft:bookshelf":22,"minecraft:iron_axe":162,"minecraft:polished_blackstone_brick_stairs":1,"minecraft:crimson_planks":4,"minecraft:barrel":7,"minecraft:basalt":10,"minecraft:golden_carrot":4,"minecraft:cooked_beef":16,"minecraft:cobbled_deepslate":572,"minecraft:observer":32,"minecraft:wheat_seeds":307,"minecraft:cooked_mutton":3,"minecraft:water_bucket":65,"minecraft:cobblestone_stairs":4,"minecraft:birch_planks":54,"minecraft:glass_bottle":8,"minecraft:baked_potato":57,"minecraft:birch_boat":1,"minecraft:cauldron":1,"minecraft:warped_roots":1,"minecraft:polished_blackstone_bricks":39,"minecraft:salmon":1,"minecraft:rail":30,"minecraft:oak_slab":3,"minecraft:crafting_table":16,"minecraft:white_bed":3,"minecraft:piston":22,"minecraft:ender_eye":29,"minecraft:diamond_pickaxe":1671,"minecraft:apple":1,"minecraft:cracked_polished_blackstone_bricks":21,"minecraft:iron_pickaxe":2676,"minecraft:stone_axe":89,"minecraft:pink_petals":1,"minecraft:fishing_rod":34,"minecraft:cobblestone":382,"minecraft:potion":7,"minecraft:porkchop":2,"minecraft:white_banner":2,"minecraft:cooked_porkchop":33,"minecraft:bucket":73,"minecraft:splash_potion":3},"minecraft:dropped":{"minecraft:iron_sword":3,"minecraft:birch_planks":28,"minecraft:porkchop":11,"minecraft:lapis_lazuli":117,"minecraft:diamond_axe":13,"minecraft:cooked_beef":6,"minecraft:baked_potato":26,"minecraft:glow_ink_sac":3,"minecraft:cooked_porkchop":22,"minecraft:weeping_vines":6,"minecraft:leather":5,"minecraft:leather_helmet":1,"minecraft:red_mushroom":13,"minecraft:dirt":41,"minecraft:mutton":2,"minecraft:crimson_roots":2,"minecraft:gold_nugget":102,"minecraft:wooden_sword":5,"minecraft:iron_pickaxe":11,"minecraft:fishing_rod":3,"minecraft:crimson_door":1,"minecraft:white_wool":4,"minecraft:bone":14,"minecraft:gold_ingot":223,"minecraft:gravel":19,"minecraft:oak_door":3,"minecraft:crimson_fungus":7,"minecraft:stone_axe":1,"minecraft:golden_chestplate":4,"minecraft:cobbled_deepslate":111,"minecraft:obsidian":1,"minecraft:beetroot":3,"minecraft:rotten_flesh":14,"minecraft:oak_planks":67,"minecraft:diamond_shovel":1,"minecraft:mossy_stone_brick_slab":2,"minecraft:cooked_mutton":8,"minecraft:gunpowder":1,"minecraft:charcoal":1,"minecraft:leather_boots":2,"minecraft:ladder":3,"minecraft:leather_leggings":1,"minecraft:birch_button":1,"minecraft:arrow":45,"minecraft:netherrack":94,"minecraft:egg":1,"minecraft:water_bucket":4,"minecraft:crimson_planks":105,"minecraft:stone_hoe":1,"minecraft:golden_boots":8,"minecraft:bread":2,"minecraft:wheat_seeds":1,"minecraft:golden_helmet":1,"minecraft:diamond_leggings":4,"minecraft:lead":1,"minecraft:iron_helmet":6,"minecraft:cobblestone":269,"minecraft:spectral_arrow":17,"minecraft:apple":3,"minecraft:granite":17,"minecraft:golden_apple":1,"minecraft:pufferfish":1,"minecraft:stick":21,"minecraft:dried_kelp_block":1,"minecraft:diorite":45,"minecraft:torch":140,"minecraft:nether_wart_block":33,"minecraft:cherry_planks":46,"minecraft:diamond_helmet":4,"minecraft:potion":1,"minecraft:iron_leggings":4,"minecraft:dried_kelp":97,"minecraft:iron_axe":7,"minecraft:iron_shovel":1,"minecraft:string":8,"minecraft:pink_petals":1,"minecraft:bucket":3,"minecraft:kelp":6,"minecraft:stone_sword":1,"minecraft:blaze_rod":2,"minecraft:raw_copper":16,"minecraft:bowl":1,"minecraft:experience_bottle":833,"minecraft:stone_shovel":1,"minecraft:iron_boots":3,"minecraft:nether_bricks":3,"minecraft:filled_map":1,"minecraft:potato":1,"minecraft:shroomlight":10,"minecraft:shield":16,"minecraft:diamond_chestplate":3,"minecraft:diamond_pickaxe":4,"minecraft:iron_chestplate":4,"minecraft:andesite":24,"minecraft:golden_leggings":4,"minecraft:wooden_shovel":1,"minecraft:golden_sword":1,"minecraft:diamond_boots":1,"minecraft:bow":5,"minecraft:stone_pickaxe":1,"minecraft:calcite":1,"minecraft:black_wool":1},"minecraft:picked_up":{"minecraft:wooden_axe":3,"minecraft:iron_chestplate":18,"minecraft:wheat":254,"minecraft:nether_brick_fence":9,"minecraft:lead":4,"minecraft:enchanted_book":3,"minecraft:potion":6,"minecraft:gilded_blackstone":5,"minecraft:nether_brick":65,"minecraft:stone_brick_stairs":1,"minecraft:crimson_planks":41,"minecraft:brewing_stand":1,"minecraft:golden_sword":1,"minecraft:amethyst_block":72,"minecraft:polished_blackstone_brick_stairs":1,"minecraft:string":91,"minecraft:raw_copper":87,"minecraft:smooth_stone_slab":1,"minecraft:iron_leggings":21,"minecraft:pufferfish":2,"minecraft:experience_bottle":128,"minecraft:shroomlight":10,"minecraft:beetroot":3,"minecraft:diamond_leggings":4,"minecraft:gold_nugget":707,"minecraft:cobbled_deepslate":1920,"minecraft:bucket":2,"minecraft:calcite":2,"minecraft:ender_eye":14,"minecraft:wooden_shovel":3,"minecraft:iron_pickaxe":43,"minecraft:iron_boots":11,"minecraft:furnace":14,"minecraft:tipped_arrow":2,"minecraft:golden_helmet":4,"minecraft:stick":185,"minecraft:torch":557,"minecraft:porkchop":55,"minecraft:golden_axe":2,"minecraft:dried_kelp":369,"minecraft:diorite":152,"minecraft:warped_planks":62,"minecraft:golden_chestplate":6,"minecraft:stone_sword":4,"minecraft:rotten_flesh":73,"minecraft:iron_block":2,"minecraft:blaze_rod":24,"minecraft:obsidian":24,"minecraft:cod":21,"minecraft:snowball":83,"minecraft:blaze_powder":1,"minecraft:cobblestone":1940,"minecraft:birch_log":21,"minecraft:enchanting_table":1,"minecraft:pink_petals":2,"minecraft:cooked_beef":16,"minecraft:magma_cream":17,"minecraft:cherry_planks":46,"minecraft:iron_door":1,"minecraft:water_bucket":5,"minecraft:andesite":152,"minecraft:golden_leggings":3,"minecraft:potato":13,"minecraft:flint":15,"minecraft:tuff":370,"minecraft:lapis_lazuli":403,"minecraft:dirt":214,"minecraft:leather_boots":3,"minecraft:glass":1,"minecraft:bone":54,"minecraft:bow":11,"minecraft:wheat_seeds":692,"minecraft:raw_gold":196,"minecraft:rabbit":1,"minecraft:mossy_stone_bricks":2,"minecraft:diamond_helmet":4,"minecraft:glowstone_dust":99,"minecraft:oak_planks":409,"minecraft:stone_hoe":2,"minecraft:mossy_stone_brick_stairs":2,"minecraft:ghast_tear":5,"minecraft:cooked_porkchop":94,"minecraft:sand":60,"minecraft:nether_brick_stairs":3,"minecraft:ink_sac":3,"minecraft:crimson_door":1,"minecraft:spectral_arrow":144,"minecraft:diamond":199,"minecraft:cracked_polished_blackstone_bricks":25,"minecraft:crossbow":4,"minecraft:granite":166,"minecraft:golden_apple":1,"minecraft:bread":85,"minecraft:oak_sapling":25,"minecraft:netherrack":828,"minecraft:crimson_roots":7,"minecraft:diamond_pickaxe":7,"minecraft:fishing_rod":4,"minecraft:charcoal":3,"minecraft:crafting_table":12,"minecraft:splash_potion":2,"minecraft:ladder":3,"minecraft:brown_mushroom":9,"minecraft:gold_block":24,"minecraft:shield":44,"minecraft:iron_axe":13,"minecraft:wooden_sword":4,"minecraft:flint_and_steel":5,"minecraft:compass":1,"minecraft:iron_shovel":4,"minecraft:birch_fence":1,"minecraft:blackstone":148,"minecraft:beef":7,"minecraft:oak_boat":1,"minecraft:observer":10,"minecraft:iron_nugget":59,"minecraft:sugar_cane":20,"minecraft:chest":22,"minecraft:birch_sapling":2,"minecraft:phantom_membrane":4,"minecraft:egg":1,"minecraft:raw_iron":366,"minecraft:sandstone":5,"minecraft:oak_door":12,"minecraft:copper_ingot":1,"minecraft:bowl":1,"minecraft:fire_charge":10,"minecraft:polished_blackstone_bricks":49,"minecraft:redstone":110,"minecraft:tnt":2,"minecraft:stone_shovel":2,"minecraft:arrow":252,"minecraft:weeping_vines":6,"minecraft:diamond_chestplate":5,"minecraft:cooked_cod":6,"minecraft:nether_bricks":25,"minecraft:diamond_boots":2,"minecraft:hay_block":10,"minecraft:gold_ingot":77,"minecraft:mutton":5,"minecraft:white_wool":6,"minecraft:crimson_slab":1,"minecraft:basalt":17,"minecraft:golden_carrot":54,"minecraft:glow_ink_sac":13,"minecraft:crimson_stem":2,"minecraft:salmon":12,"minecraft:leather":53,"minecraft:red_mushroom":13,"minecraft:birch_planks":31,"minecraft:filled_map":1,"minecraft:crimson_fungus":7,"minecraft:oak_log":56,"minecraft:golden_boots":20,"minecraft:nether_wart_block":41,"minecraft:gunpowder":15,"minecraft:cobblestone_stairs":4,"minecraft:white_banner":2,"minecraft:cooked_mutton":8,"minecraft:apple":10,"minecraft:stone_bricks":22,"minecraft:kelp":932,"minecraft:warped_stem":10,"minecraft:iron_ingot":22,"minecraft:stone_pickaxe":10,"minecraft:iron_sword":8,"minecraft:soul_sand":46,"minecraft:book":434,"minecraft:oak_slab":1,"minecraft:quartz":63,"minecraft:raw_iron_block":5,"minecraft:gravel":241,"minecraft:amethyst_shard":8,"minecraft:white_bed":3,"minecraft:spruce_log":18,"minecraft:crying_obsidian":25,"minecraft:spider_eye":3,"minecraft:mossy_stone_brick_slab":8,"minecraft:spruce_door":3,"minecraft:leather_helmet":1,"minecraft:diamond_shovel":2,"minecraft:dried_kelp_block":1,"minecraft:stone_axe":4,"minecraft:iron_helmet":21,"minecraft:diamond_axe":25,"minecraft:warped_roots":1,"minecraft:baked_potato":159,"minecraft:coal":426,"minecraft:hopper":6,"minecraft:ender_pearl":15},"minecraft:killed_by":{"minecraft:zombified_piglin":1,"minecraft:piglin_brute":3,"minecraft:creeper":1,"minecraft:drowned":1,"minecraft:magma_cube":1,"minecraft:piglin":5,"minecraft:silverfish":1,"minecraft:blaze":6,"minecraft:zombie":1,"minecraft:player":1,"minecraft:hoglin":1,"minecraft:skeleton":5},"minecraft:killed":{"minecraft:zombified_piglin":6,"minecraft:spider":7,"minecraft:cod":22,"minecraft:skeleton":20,"minecraft:silverfish":5,"minecraft:turtle":1,"minecraft:piglin_brute":3,"minecraft:magma_cube":11,"minecraft:piglin":11,"minecraft:pig":2,"minecraft:zombie_villager":1,"minecraft:salmon":13,"minecraft:creeper":8,"minecraft:sheep":2,"minecraft:pillager":4,"minecraft:zombie":53,"minecraft:ghast":5,"minecraft:blaze":35,"minecraft:cow":4,"minecraft:endermite":1,"minecraft:phantom":5,"minecraft:drowned":9,"minecraft:hoglin":10,"minecraft:wither_skeleton":3,"minecraft:enderman":3},"minecraft:custom":{"minecraft:animals_bred":8,"minecraft:interact_with_crafting_table":259,"minecraft:open_barrel":113,"minecraft:bell_ring":3,"minecraft:leave_game":14,"minecraft:time_since_death":198450,"minecraft:sprint_one_cm":2156074,"minecraft:damage_blocked_by_shield":9706,"minecraft:drop":469,"minecraft:talked_to_villager":2,"minecraft:play_time":1255026,"minecraft:deaths":31,"minecraft:jump":16823,"minecraft:interact_with_brewingstand":26,"minecraft:walk_on_water_one_cm":137568,"minecraft:enchant_item":64,"minecraft:interact_with_furnace":561,"minecraft:sleep_in_bed":33,"minecraft:damage_dealt":37441,"minecraft:crouch_one_cm":89536,"minecraft:inspect_dispenser":1,"minecraft:horse_one_cm":3558,"minecraft:use_cauldron":8,"minecraft:inspect_dropper":1,"minecraft:interact_with_anvil":27,"minecraft:mob_kills":250,"minecraft:inspect_hopper":10,"minecraft:fill_cauldron":4,"minecraft:climb_one_cm":5409,"minecraft:walk_one_cm":3802863,"minecraft:sneak_time":27635,"minecraft:walk_under_water_one_cm":192825,"minecraft:boat_one_cm":500823,"minecraft:interact_with_blast_furnace":2,"minecraft:total_world_time":1255026,"minecraft:interact_with_grindstone":31,"minecraft:time_since_rest":16035,"minecraft:damage_taken":20791,"minecraft:swim_one_cm":229180,"minecraft:fly_one_cm":2744664,"minecraft:open_chest":1884,"minecraft:fish_caught":2,"minecraft:fall_one_cm":351161}},"DataVersion":3465}