{"stats":{"minecraft:mined":{"minecraft:spruce_planks":4,"minecraft:blackstone_stairs":1,"minecraft:white_bed":1,"minecraft:granite":33,"minecraft:budding_amethyst":3,"minecraft:grass_block":48,"minecraft:cracked_polished_blackstone_bricks":24,"minecraft:hopper":5,"minecraft:polished_blackstone_bricks":32,"minecraft:tall_seagrass":1,"minecraft:iron_ore":31,"minecraft:cobbled_deepslate":16,"minecraft:fire":48,"minecraft:deepslate_lapis_ore":2,"minecraft:dirt_path":2,"minecraft:deepslate_redstone_ore":6,"minecraft:brown_mushroom":1,"minecraft:blackstone":5,"minecraft:kelp_plant":4,"minecraft:torch":1,"minecraft:poppy":1,"minecraft:glass":7,"minecraft:cobblestone":51,"minecraft:oak_planks":3,"minecraft:wall_torch":9,"minecraft:amethyst_block":18,"minecraft:deepslate_copper_ore":3,"minecraft:nether_wart_block":1,"minecraft:birch_log":5,"minecraft:wheat":309,"minecraft:lilac":1,"minecraft:grass":47,"minecraft:oak_log":108,"minecraft:sand":138,"minecraft:dirt":37,"minecraft:smooth_basalt":1,"minecraft:dispenser":3,"minecraft:netherrack":75,"minecraft:oak_leaves":63,"minecraft:deepslate":345,"minecraft:tuff":74,"minecraft:deepslate_diamond_ore":47,"minecraft:oak_door":1,"minecraft:glow_lichen":1,"minecraft:crimson_roots":1,"minecraft:kelp":24,"minecraft:polished_basalt":1,"minecraft:andesite":71,"minecraft:gold_block":1,"minecraft:bookshelf":16,"minecraft:deepslate_iron_ore":34,"minecraft:packed_ice":3,"minecraft:stone":581,"minecraft:infested_stone_bricks":2,"minecraft:basalt":12,"minecraft:observer":4,"minecraft:oak_fence":2,"minecraft:crafting_table":4,"minecraft:dropper":5,"minecraft:tall_grass":15,"minecraft:copper_ore":5,"minecraft:deepslate_coal_ore":6,"minecraft:dried_kelp_block":1,"minecraft:lapis_ore":13,"minecraft:deepslate_gold_ore":13,"minecraft:polished_blackstone_brick_stairs":3,"minecraft:diorite":101,"minecraft:ice":11,"minecraft:bee_nest":1,"minecraft:coal_ore":252,"minecraft:gravel":47,"minecraft:cobweb":20,"minecraft:cracked_stone_bricks":1,"minecraft:stone_bricks":1,"minecraft:mossy_stone_bricks":1,"minecraft:gold_ore":6,"minecraft:birch_fence":11},"minecraft:crafted":{"minecraft:grindstone":1,"minecraft:oak_planks":420,"minecraft:barrel":3,"minecraft:cobblestone_slab":6,"minecraft:cooked_chicken":2,"minecraft:stone":3,"minecraft:cooked_mutton":12,"minecraft:glass":94,"minecraft:hopper":4,"minecraft:diamond_helmet":1,"minecraft:diamond_leggings":1,"minecraft:iron_boots":2,"minecraft:chest":11,"minecraft:rail":32,"minecraft:oak_fence":18,"minecraft:golden_boots":1,"minecraft:dropper":1,"minecraft:oak_slab":6,"minecraft:cooked_porkchop":31,"minecraft:crafting_table":6,"minecraft:iron_helmet":3,"minecraft:wooden_pickaxe":3,"minecraft:baked_potato":38,"minecraft:chest_minecart":1,"minecraft:copper_ingot":22,"minecraft:hopper_minecart":2,"minecraft:birch_planks":20,"minecraft:dispenser":1,"minecraft:iron_chestplate":2,"minecraft:diamond_pickaxe":5,"minecraft:birch_fence":48,"minecraft:stick":220,"minecraft:stone_slab":6,"minecraft:iron_ingot":317,"minecraft:iron_pickaxe":18,"minecraft:iron_block":6,"minecraft:stone_sword":1,"minecraft:gold_ingot":30,"minecraft:shears":2,"minecraft:oak_door":6,"minecraft:furnace":4,"minecraft:flint_and_steel":3,"minecraft:iron_axe":1,"minecraft:stone_pickaxe":10,"minecraft:diamond_boots":1,"minecraft:minecart":3,"minecraft:observer":1,"minecraft:cooked_beef":2,"minecraft:cooked_cod":10,"minecraft:dried_kelp":277,"minecraft:iron_sword":1,"minecraft:cooked_salmon":2,"minecraft:bucket":5,"minecraft:stone_axe":2,"minecraft:bread":47,"minecraft:oak_fence_gate":1,"minecraft:oak_boat":7,"minecraft:golden_apple":1,"minecraft:wooden_axe":1,"minecraft:iron_shovel":1,"minecraft:iron_leggings":1,"minecraft:anvil":2,"minecraft:white_bed":77,"minecraft:torch":340,"minecraft:diamond_chestplate":1},"minecraft:broken":{"minecraft:stone_pickaxe":5,"minecraft:flint_and_steel":1,"minecraft:wooden_pickaxe":1,"minecraft:iron_axe":1,"minecraft:iron_pickaxe":2},"minecraft:used":{"minecraft:iron_shovel":180,"minecraft:dispenser":5,"minecraft:chest":10,"minecraft:shield":90,"minecraft:iron_sword":316,"minecraft:tuff":10,"minecraft:glass":25,"minecraft:hopper_minecart":3,"minecraft:stone_bricks":2,"minecraft:warped_fungus":1,"minecraft:oak_sapling":1,"minecraft:cooked_cod":10,"minecraft:furnace":4,"minecraft:diorite":6,"minecraft:dropper":5,"minecraft:spruce_door":2,"minecraft:oak_planks":4,"minecraft:stone_pickaxe":628,"minecraft:blackstone_stairs":1,"minecraft:blackstone":41,"minecraft:wooden_pickaxe":66,"minecraft:diamond_axe":57,"minecraft:sand":8,"minecraft:birch_fence":67,"minecraft:bread":34,"minecraft:gravel":9,"minecraft:grindstone":1,"minecraft:andesite":20,"minecraft:oak_boat":4,"minecraft:bone_meal":163,"minecraft:experience_bottle":641,"minecraft:oak_fence":12,"minecraft:stone_sword":65,"minecraft:flint_and_steel":86,"minecraft:dried_kelp":111,"minecraft:redstone":3,"minecraft:spruce_planks":4,"minecraft:dried_kelp_block":1,"minecraft:netherrack":92,"minecraft:oak_door":3,"minecraft:torch":189,"minecraft:dirt":21,"minecraft:anvil":2,"minecraft:hopper":7,"minecraft:granite":16,"minecraft:oak_fence_gate":1,"minecraft:wooden_axe":2,"minecraft:iron_axe":168,"minecraft:polished_blackstone_brick_stairs":2,"minecraft:barrel":3,"minecraft:basalt":11,"minecraft:cooked_beef":4,"minecraft:cobbled_deepslate":44,"minecraft:observer":6,"minecraft:wheat_seeds":181,"minecraft:cooked_mutton":10,"minecraft:water_bucket":5,"minecraft:amethyst_block":25,"minecraft:glass_bottle":1,"minecraft:baked_potato":65,"minecraft:polished_blackstone_bricks":20,"minecraft:rail":3,"minecraft:crafting_table":9,"minecraft:white_bed":2,"minecraft:ender_eye":1,"minecraft:diamond_pickaxe":230,"minecraft:cracked_polished_blackstone_bricks":13,"minecraft:iron_pickaxe":1266,"minecraft:fishing_rod":19,"minecraft:cobblestone":233,"minecraft:potion":1,"minecraft:bucket":6,"minecraft:yellow_bed":1,"minecraft:birch_stairs":4},"minecraft:dropped":{"minecraft:iron_sword":1,"minecraft:birch_planks":33,"minecraft:diamond_axe":2,"minecraft:lapis_lazuli":7,"minecraft:baked_potato":32,"minecraft:diamond":1,"minecraft:crossbow":3,"minecraft:dirt":33,"minecraft:polished_blackstone_brick_stairs":1,"minecraft:iron_pickaxe":14,"minecraft:birch_log":1,"minecraft:white_wool":1,"minecraft:gold_ingot":141,"minecraft:oak_door":3,"minecraft:gravel":19,"minecraft:stone_axe":3,"minecraft:cobbled_deepslate":181,"minecraft:wheat":21,"minecraft:birch_sapling":2,"minecraft:obsidian":1,"minecraft:rotten_flesh":3,"minecraft:diamond_shovel":1,"minecraft:nether_brick_fence":5,"minecraft:arrow":90,"minecraft:glass":1,"minecraft:netherrack":3,"minecraft:golden_boots":5,"minecraft:bread":20,"minecraft:oak_slab":1,"minecraft:wheat_seeds":3,"minecraft:diamond_leggings":1,"minecraft:iron_helmet":5,"minecraft:cobblestone":193,"minecraft:granite":7,"minecraft:spruce_door":9,"minecraft:golden_apple":1,"minecraft:diorite":12,"minecraft:torch":66,"minecraft:wooden_axe":1,"minecraft:diamond_helmet":2,"minecraft:iron_leggings":2,"minecraft:dried_kelp":47,"minecraft:polished_basalt":4,"minecraft:string":24,"minecraft:bucket":1,"minecraft:raw_copper":16,"minecraft:tuff":30,"minecraft:experience_bottle":3,"minecraft:stone_shovel":1,"minecraft:shield":2,"minecraft:diamond_chestplate":2,"minecraft:iron_chestplate":6,"minecraft:diamond_pickaxe":6,"minecraft:andesite":30,"minecraft:mossy_stone_bricks":1,"minecraft:oak_boat":5,"minecraft:oak_sapling":8,"minecraft:stone_bricks":4,"minecraft:diamond_boots":2,"minecraft:bow":2,"minecraft:stone_pickaxe":9,"minecraft:wooden_pickaxe":4},"minecraft:picked_up":{"minecraft:wooden_axe":3,"minecraft:iron_chestplate":17,"minecraft:wheat":258,"minecraft:nether_brick_fence":5,"minecraft:lead":10,"minecraft:potion":6,"minecraft:enchanted_book":3,"minecraft:nether_brick":78,"minecraft:crimson_planks":64,"minecraft:amethyst_block":94,"minecraft:polished_blackstone_brick_stairs":3,"minecraft:string":69,"minecraft:raw_copper":50,"minecraft:smooth_stone_slab":2,"minecraft:iron_leggings":12,"minecraft:experience_bottle":644,"minecraft:diamond_leggings":1,"minecraft:gold_nugget":3,"minecraft:cobbled_deepslate":447,"minecraft:bucket":1,"minecraft:spruce_planks":4,"minecraft:eye_armor_trim_smithing_template":3,"minecraft:ender_eye":1,"minecraft:calcite":1,"minecraft:iron_pickaxe":25,"minecraft:hopper_minecart":1,"minecraft:iron_boots":12,"minecraft:golden_helmet":1,"minecraft:stick":206,"minecraft:oak_fence":2,"minecraft:torch":232,"minecraft:porkchop":4,"minecraft:dried_kelp":71,"minecraft:diorite":161,"minecraft:golden_chestplate":5,"minecraft:stone_sword":1,"minecraft:rotten_flesh":10,"minecraft:polished_basalt":1,"minecraft:iron_block":1,"minecraft:blaze_rod":12,"minecraft:blackstone_stairs":1,"minecraft:obsidian":10,"minecraft:cobblestone":1208,"minecraft:birch_log":6,"minecraft:cooked_beef":9,"minecraft:lilac":1,"minecraft:magma_cream":8,"minecraft:water_bucket":1,"minecraft:andesite":154,"minecraft:golden_leggings":2,"minecraft:flint":4,"minecraft:tuff":84,"minecraft:lapis_lazuli":142,"minecraft:dirt":198,"minecraft:glass":59,"minecraft:bone":4,"minecraft:bow":2,"minecraft:wheat_seeds":689,"minecraft:raw_gold":21,"minecraft:rabbit":3,"minecraft:mossy_stone_bricks":5,"minecraft:diamond_helmet":2,"minecraft:oak_planks":28,"minecraft:ghast_tear":1,"minecraft:dropper":4,"minecraft:sand":141,"minecraft:ink_sac":2,"minecraft:spectral_arrow":91,"minecraft:dispenser":2,"minecraft:diamond":62,"minecraft:cracked_polished_blackstone_bricks":19,"minecraft:crossbow":2,"minecraft:granite":54,"minecraft:bread":80,"minecraft:oak_sapling":21,"minecraft:netherrack":178,"minecraft:crimson_roots":4,"minecraft:diamond_pickaxe":6,"minecraft:fishing_rod":5,"minecraft:crafting_table":5,"minecraft:splash_potion":3,"minecraft:leather_leggings":2,"minecraft:brown_mushroom":1,"minecraft:wooden_pickaxe":2,"minecraft:gold_block":1,"minecraft:shield":20,"minecraft:cornflower":2,"minecraft:iron_axe":4,"minecraft:wooden_sword":1,"minecraft:flint_and_steel":8,"minecraft:compass":2,"minecraft:iron_shovel":4,"minecraft:birch_fence":32,"minecraft:blackstone":123,"minecraft:cracked_stone_bricks":2,"minecraft:beef":4,"minecraft:oak_boat":2,"minecraft:observer":4,"minecraft:iron_nugget":80,"minecraft:poppy":1,"minecraft:sugar_cane":2,"minecraft:chest":4,"minecraft:birch_sapling":3,"minecraft:raw_iron":61,"minecraft:sandstone":55,"minecraft:oak_door":4,"minecraft:fire_charge":15,"minecraft:polished_blackstone_bricks":29,"minecraft:redstone":88,"minecraft:diamond_chestplate":1,"minecraft:arrow":67,"minecraft:stone_shovel":1,"minecraft:cooked_cod":7,"minecraft:diamond_boots":1,"minecraft:gold_ingot":68,"minecraft:mutton":6,"minecraft:rail":16,"minecraft:white_wool":3,"minecraft:basalt":12,"minecraft:glow_ink_sac":5,"minecraft:leather":34,"minecraft:birch_planks":45,"minecraft:oak_log":111,"minecraft:golden_boots":10,"minecraft:yellow_bed":1,"minecraft:nether_wart_block":1,"minecraft:paper":105,"minecraft:stone_bricks":11,"minecraft:kelp":22,"minecraft:iron_ingot":76,"minecraft:rabbit_hide":2,"minecraft:stone_pickaxe":8,"minecraft:glass_bottle":1,"minecraft:iron_sword":9,"minecraft:soul_sand":40,"minecraft:book":1350,"minecraft:oak_slab":2,"minecraft:quartz":50,"minecraft:gravel":115,"minecraft:birch_stairs":4,"minecraft:white_bed":1,"minecraft:spruce_door":15,"minecraft:crying_obsidian":10,"minecraft:spider_eye":1,"minecraft:dried_kelp_block":2,"minecraft:stone_axe":3,"minecraft:iron_helmet":19,"minecraft:diamond_axe":5,"minecraft:baked_potato":100,"minecraft:black_wool":2,"minecraft:coal":265,"minecraft:hopper":5,"minecraft:ender_pearl":11},"minecraft:killed_by":{"minecraft:piglin_brute":3,"minecraft:creeper":2,"minecraft:silverfish":1,"minecraft:blaze":3,"minecraft:skeleton":1},"minecraft:killed":{"minecraft:zombified_piglin":2,"minecraft:spider":1,"minecraft:cod":1,"minecraft:skeleton":1,"minecraft:silverfish":5,"minecraft:piglin_brute":1,"minecraft:magma_cube":2,"minecraft:piglin":1,"minecraft:sheep":2,"minecraft:trader_llama":2,"minecraft:zombie":4,"minecraft:glow_squid":1,"minecraft:cow":3,"minecraft:blaze":17,"minecraft:wandering_trader":1,"minecraft:hoglin":2},"minecraft:custom":{"minecraft:animals_bred":15,"minecraft:interact_with_crafting_table":153,"minecraft:open_barrel":94,"minecraft:leave_game":8,"minecraft:time_since_death":127678,"minecraft:sprint_one_cm":1980548,"minecraft:damage_blocked_by_shield":915,"minecraft:drop":430,"minecraft:talked_to_villager":1,"minecraft:play_time":1035611,"minecraft:deaths":13,"minecraft:jump":7703,"minecraft:interact_with_brewingstand":15,"minecraft:walk_on_water_one_cm":140567,"minecraft:enchant_item":19,"minecraft:interact_with_furnace":287,"minecraft:sleep_in_bed":22,"minecraft:damage_dealt":9708,"minecraft:crouch_one_cm":13655,"minecraft:use_cauldron":2,"minecraft:inspect_dispenser":6,"minecraft:inspect_dropper":17,"minecraft:interact_with_anvil":18,"minecraft:mob_kills":46,"minecraft:inspect_hopper":10,"minecraft:climb_one_cm":3110,"minecraft:walk_one_cm":3883175,"minecraft:sneak_time":2370,"minecraft:walk_under_water_one_cm":101534,"minecraft:boat_one_cm":550849,"minecraft:interact_with_blast_furnace":1,"minecraft:total_world_time":1035611,"minecraft:interact_with_grindstone":10,"minecraft:time_since_rest":16035,"minecraft:damage_taken":8715,"minecraft:swim_one_cm":92113,"minecraft:fly_one_cm":525914,"minecraft:open_chest":766,"minecraft:fall_one_cm":88897}},"DataVersion":3465}