{"stats":{"minecraft:custom":{"minecraft:time_since_rest":11236,"minecraft:sprint_one_cm":37493,"minecraft:damage_taken":15,"minecraft:walk_one_cm":29558,"minecraft:drop":7,"minecraft:animals_bred":2,"minecraft:traded_with_villager":1,"minecraft:talked_to_villager":2,"minecraft:interact_with_crafting_table":1,"minecraft:fly_one_cm":32178,"minecraft:open_barrel":8,"minecraft:open_chest":21,"minecraft:crouch_one_cm":3379,"minecraft:play_time":11236,"minecraft:sneak_time":642,"minecraft:bell_ring":6,"minecraft:jump":162,"minecraft:leave_game":4,"minecraft:walk_on_water_one_cm":658,"minecraft:time_since_death":11236,"minecraft:total_world_time":11936,"minecraft:fall_one_cm":4213},"minecraft:picked_up":{"minecraft:book":6,"minecraft:stick":6,"minecraft:wheat":5,"minecraft:torch":2,"minecraft:oak_log":19,"minecraft:beetroot":15,"minecraft:apple":2,"minecraft:beetroot_seeds":31,"minecraft:wheat_seeds":16,"minecraft:oak_sapling":11,"minecraft:cobblestone":20},"minecraft:dropped":{"minecraft:beetroot_seeds":7},"minecraft:mined":{"minecraft:wheat":6,"minecraft:bookshelf":2,"minecraft:oak_log":19,"minecraft:beetroots":11,"minecraft:cobblestone":20,"minecraft:stone":1,"minecraft:oak_leaves":7,"minecraft:wall_torch":1},"minecraft:used":{"minecraft:wheat_seeds":6,"minecraft:diamond_pickaxe":28,"minecraft:apple":1,"minecraft:bookshelf":12,"minecraft:bread":2,"minecraft:diamond_axe":28,"minecraft:oak_sapling":11,"minecraft:beetroot_seeds":24},"minecraft:crafted":{"minecraft:oak_planks":76,"minecraft:emerald":1,"minecraft:bookshelf":12}},"DataVersion":3465}