{"stats":{"minecraft:mined":{"minecraft:ice":2,"minecraft:andesite":10,"minecraft:granite":21,"minecraft:oak_log":5,"minecraft:packed_ice":1,"minecraft:cobblestone":5,"minecraft:stone":23,"minecraft:oak_leaves":1},"minecraft:crafted":{"minecraft:oak_boat":1,"minecraft:oak_planks":20,"minecraft:wooden_shovel":1,"minecraft:stick":4,"minecraft:flint_and_steel":1},"minecraft:used":{"minecraft:water_bucket":4,"minecraft:diamond_pickaxe":61,"minecraft:bread":7,"minecraft:oak_planks":1,"minecraft:spruce_sapling":3,"minecraft:cobblestone":37,"minecraft:cooked_porkchop":1,"minecraft:oak_sapling":1,"minecraft:bucket":10,"minecraft:oak_boat":2},"minecraft:dropped":{"minecraft:iron_ingot":2,"minecraft:iron_sword":1,"minecraft:diamond_axe":1,"minecraft:diamond_chestplate":1,"minecraft:diamond":8,"minecraft:diamond_leggings":1,"minecraft:diamond_helmet":1,"minecraft:book":90,"minecraft:diamond_boots":1,"minecraft:flint_and_steel":2,"minecraft:oak_door":1},"minecraft:picked_up":{"minecraft:book":90,"minecraft:oak_door":1,"minecraft:andesite":10,"minecraft:oak_log":5,"minecraft:spruce_sapling":3,"minecraft:flint_and_steel":1,"minecraft:diamond_chestplate":1,"minecraft:diamond_leggings":1,"minecraft:diamond_boots":1,"minecraft:granite":4,"minecraft:iron_ingot":2,"minecraft:diamond_axe":1,"minecraft:oak_boat":1,"minecraft:diamond_helmet":1,"minecraft:oak_sapling":1,"minecraft:sugar_cane":6,"minecraft:iron_sword":1,"minecraft:cobblestone":23,"minecraft:diamond_pickaxe":1},"minecraft:custom":{"minecraft:time_since_rest":15992,"minecraft:sprint_one_cm":102137,"minecraft:damage_taken":251,"minecraft:walk_one_cm":63115,"minecraft:interact_with_anvil":4,"minecraft:drop":13,"minecraft:swim_one_cm":12323,"minecraft:interact_with_crafting_table":4,"minecraft:fly_one_cm":158465,"minecraft:open_barrel":11,"minecraft:open_chest":55,"minecraft:crouch_one_cm":594,"minecraft:play_time":40109,"minecraft:sneak_time":731,"minecraft:walk_under_water_one_cm":13887,"minecraft:boat_one_cm":87887,"minecraft:jump":639,"minecraft:leave_game":3,"minecraft:walk_on_water_one_cm":3554,"minecraft:time_since_death":40109,"minecraft:sleep_in_bed":1,"minecraft:total_world_time":40109,"minecraft:fall_one_cm":14900}},"DataVersion":3465}